﻿<?xml version="1.0" encoding="utf-8" ?>
<hibernate-configuration  xmlns="urn:nhibernate-configuration-2.2" >
  <session-factory name="NH">
    <property name="connection.provider">NHibernate.Connection.DriverConnectionProvider</property>
    <property name="connection.driver_class">NHibernate.Driver.SqlClientDriver</property>
    <property name="dialect">NHibernate.Dialect.MsSql2005Dialect</property>
    <property name="connection.connection_string">Data Source=localhost\SQLEXPRESS;Initial Catalog=test;Integrated Security=True</property>
    <property name="show_sql">true</property>   
    <mapping assembly="NH" />
       
  </session-factory>
</hibernate-configuration>
